{
  "best_params": {
    "learning_rate": 8.039944791221581e-05,
    "weight_decay": 1.5405612159729556e-05,
    "batch_size": 32
  },
  "best_mcc": 0.45268583007272634,
  "best_std_mcc": 0.028822462586613837,
  "recommended_epochs": 16,
  "fold_best_epochs": [
    16,
    20,
    11,
    11,
    16
  ],
  "n_trials": 20,
  "window_size": 41,
  "k_folds": 5,
  "timestamp": "20260603_145959"
}